date,open,high,low,close,adj_close,volume,MACD_12_26_9,MACDh_12_26_9,MACDs_12_26_9,RSI_14,target
2011-01-03,54.610001,54.779999,54.189999,54.27,37.835506,2788700,0.06705268719569801,-0.007070098165264466,0.07412278536096248,52.05992092326953,"[1, 0, 0]"
2011-01-04,54.279999,54.5,53.77,54.34,37.884308,3462000,0.07542115852798048,0.0010386985336143933,0.07438245999436609,52.82818021663956,"[1, 0, 0]"
2011-01-05,53.830002,54.130001,53.75,53.900002,37.577545,4160800,0.04601859722389179,-0.02269109021637944,0.06870968744027123,47.65825180166614,"[1, 0, 0]"
2011-01-06,53.490002,53.490002,51.98,52.23,36.413273,14819000,-0.11076155875194615,-0.1435769969537739,0.03281543820182775,34.041387613166386,"[1, 0, 0]"
2011-01-07,52.049999,52.07,51.07,51.900002,36.183208,11479600,-0.2586574010834184,-0.23317827142819691,-0.025479129655221477,32.090236457409354,"[1, 0, 0]"
2011-01-10,51.82,52.34,51.439999,52.27,36.441177,4286600,-0.34206703936495586,-0.2532703277677875,-0.08879671159716836,36.48592005502216,"[1, 0, 0]"
2011-01-11,52.330002,52.490002,51.669998,52.299999,36.462074,4586400,-0.40112518856713564,-0.2498627815759738,-0.15126240699116184,36.842871109833126,"[1, 0, 0]"
2011-01-12,52.369999,52.400002,51.599998,51.700001,36.04377,4767900,-0.49068767938288715,-0.27154021791338023,-0.21914746146950692,32.86459721149173,"[1, 0, 0]"
2011-01-13,51.810001,51.810001,51.130001,51.48,35.890388,5390400,-0.5728157769806117,-0.2829346524088838,-0.2898811245717279,31.520609328053045,"[1, 0, 0]"
2011-01-14,51.52,51.630001,51.310001,51.509998,35.911304,3177800,-0.6282403346200809,-0.27068736803868243,-0.35755296658139846,31.929379388176237,"[1, 0, 0]"
2011-01-18,51.599998,52.0,51.23,51.290001,35.757931,3341400,-0.6820543175613167,-0.2596010807839346,-0.4224532367773821,30.491864618253985,"[1, 0, 0]"
2011-01-19,51.360001,51.5,50.93,50.970001,35.534836,3859100,-0.7419706367595893,-0.2556139199857657,-0.4863567167738236,28.48310887527141,"[1, 0, 0]"
2011-01-20,50.869999,51.77,50.82,51.299999,35.764904,5471900,-0.7541334892737908,-0.21422141799997374,-0.539912071273817,33.3587559046647,"[1, 0, 0]"
2011-01-21,51.43,51.810001,50.970001,51.75,36.078636,5751000,-0.7191711601692745,-0.14340727111636598,-0.5757638890529085,39.4235276902545,"[1, 0, 0]"
2011-01-24,51.639999,52.060001,51.470001,52.029999,36.273834,3013900,-0.661247236680893,-0.06838667810238763,-0.5928605585785054,42.905258290789554,"[1, 0, 0]"
2011-01-25,52.099998,52.82,51.91,52.549999,36.636368,3907200,-0.5668481828175658,0.020809900608751764,-0.5876580834263175,48.79182452704493,"[1, 0, 0]"
2011-01-26,52.73,52.73,52.049999,52.169998,36.371441,4155200,-0.5167424718668912,0.05673248924754115,-0.5734749611144323,45.13000151300026,"[1, 0, 0]"
2011-01-27,52.139999,52.369999,51.900002,51.990002,36.245953,3655100,-0.48595571289565953,0.07001539857501826,-0.5559711114706778,43.46596661020692,"[1, 0, 0]"
2011-01-28,52.0,52.040001,50.970001,51.200001,35.695187,2851600,-0.5193170987398972,0.02932321018462447,-0.5486403089245216,37.015006156429585,"[1, 0, 0]"
2011-01-31,50.860001,51.43,50.610001,50.779999,35.402374,3032000,-0.5730412261251061,-0.01952073376046748,-0.5535204923646386,34.11604671853762,"[1, 0, 0]"
2011-02-01,51.110001,51.540001,50.450001,51.32,35.778854,3017400,-0.5655253917274763,-0.009603919490270174,-0.5559214722372061,40.56158807395271,"[1, 0, 0]"
2011-02-02,51.060001,51.25,50.509998,50.75,35.381454,2878900,-0.5986622691455423,-0.03419263752666901,-0.5644696316188733,36.50217314580028,"[1, 0, 0]"
2011-02-03,51.330002,51.66,50.560001,51.060001,35.597595,2741100,-0.5930724235996365,-0.022882233584610612,-0.5701901900150259,40.01811379446266,"[1, 0, 0]"
2011-02-04,51.119999,51.5,50.779999,51.18,35.681248,2278400,-0.5723616850824769,-0.0017371960539607212,-0.5706244890285161,41.371405352337646,"[1, 0, 0]"
2011-02-07,51.509998,51.93,51.200001,51.77,36.092575,2956500,-0.5025471556450114,0.05446186670680375,-0.5570090223518152,47.627890132454695,"[1, 0, 0]"
2011-02-08,51.619999,52.310001,51.400002,52.299999,36.462074,4243300,-0.39984300687611807,0.12573281238055767,-0.5255758192566757,52.52861716317991,"[1, 0, 0]"
2011-02-09,52.299999,53.299999,52.209999,52.799999,36.810665,3923600,-0.27493413810417877,0.20051334492199757,-0.47544748302617634,56.64988061931842,"[1, 0, 0]"
2011-02-10,52.48,53.040001,52.290001,53.0,36.950092,2529900,-0.15798341598252108,0.25397125363492423,-0.4119546696174453,58.2126336230336,"[1, 0, 0]"
2011-02-11,52.82,52.869999,52.419998,52.75,36.775806,2607200,-0.08449799647430467,0.26196533851451254,-0.3464633349888172,55.51843396489931,"[1, 0, 0]"
2011-02-14,52.799999,52.849998,52.099998,52.330002,36.482986,2357200,-0.059465123680411125,0.22959856904672488,-0.289063692727136,51.22881482431401,"[1, 0, 0]"
2011-02-15,52.25,52.459999,52.0,52.360001,36.50391,2833200,-0.03678172620735154,0.2018255732158276,-0.23860729942317913,51.5169628076413,"[1, 0, 0]"
2011-02-16,52.549999,53.27,52.009998,53.200001,37.089535,5052400,0.048417878379318324,0.22962014224199798,-0.18120226386267965,58.848501354957506,"[1, 0, 0]"
2011-02-17,52.98,53.630001,52.650002,53.540001,37.326561,4367600,0.14174044176341027,0.25835416450087195,-0.11661372273746166,61.393293812949906,"[1, 0, 0]"
2011-02-18,53.540001,53.619999,53.169998,53.419998,37.242908,3667800,0.20366824564823105,0.25622557470855417,-0.05255732906032313,59.98337063806929,"[1, 0, 0]"
2011-02-22,52.950001,53.18,52.02,52.23,36.413273,4625300,0.15493755928279285,0.1659959106744928,-0.011058351391699937,48.16964737226373,"[1, 0, 0]"
2011-02-23,52.099998,52.209999,51.029999,52.02,36.26688,5162100,0.09824043965992502,0.08743903284129996,0.010801406818625054,46.43173225838399,"[1, 0, 0]"
2011-02-24,53.639999,54.619999,52.509998,53.799999,37.507832,7895300,0.19469429249488712,0.14711430854100965,0.04757998395387747,59.70301251398693,"[1, 0, 0]"
2011-02-25,54.099998,54.779999,53.009998,53.34,37.187134,4110100,0.23134973511492518,0.14701580092883818,0.084333934186087,55.85207606824432,"[1, 0, 0]"
2011-02-28,53.509998,53.939999,53.220001,53.889999,37.570572,2876400,0.30130648662504456,0.17357804195116605,0.1277284446738785,59.237554365479895,"[1, 0, 0]"
2011-03-01,53.91,54.150002,53.240002,53.279999,37.145306,3294700,0.30402124650762374,0.14103424146699617,0.16298700504062757,54.26706969985044,"[1, 0, 0]"
2011-03-02,53.209999,54.189999,53.110001,54.040001,37.675156,4306300,0.36331050571468637,0.16025880053924701,0.20305170517543936,58.89479929543727,"[1, 0, 0]"
2011-03-03,54.290001,54.709999,53.48,54.290001,37.849449,4769000,0.425564933803237,0.17801058290223812,0.2475543509009989,60.31729249246964,"[1, 0, 0]"
2011-03-04,54.189999,54.450001,53.27,54.080002,37.703049,4216200,0.45273797080932354,0.1641468959266597,0.28859107488266383,58.48636986165053,"[1, 0, 0]"
2011-03-07,54.099998,54.490002,53.490002,53.549999,37.506927,3865200,0.4265885385968957,0.11039797097138548,0.31619056762551023,54.02878955216902,"[1, 0, 0]"
2011-03-08,53.68,54.369999,53.360001,54.23,37.983208,2652900,0.45548477787664865,0.11143536820091071,0.34404940967573794,58.408678841011714,"[1, 0, 0]"
2011-03-09,54.25,55.77,54.200001,55.689999,39.005802,3934100,0.5894007285616283,0.1962810551087123,0.393119673452916,65.91699798717411,"[0, 0, 1]"
2011-03-10,55.099998,55.919998,55.040001,55.060001,38.564541,4185500,0.6373475648126856,0.19538231308781562,0.44196525172487,60.81519799217311,"[1, 0, 0]"
2011-03-11,54.5,55.23,54.360001,54.459999,38.144299,4238500,0.6197861223904368,0.14225669653245343,0.4775294258579834,56.34258817839161,"[1, 0, 0]"
2011-03-14,54.25,54.360001,53.25,53.77,37.661022,3968900,0.5439214125451883,0.0531135893497639,0.49080782319542443,51.63921968980573,"[1, 0, 0]"
2011-03-15,52.950001,53.75,52.759998,53.25,37.296799,3996100,0.43680323346364247,-0.04320367178542561,0.4800069052490681,48.36263263157478,"[1, 0, 0]"
2011-03-16,53.009998,53.669998,52.630001,52.700001,36.911572,4734600,0.30402635545429746,-0.1407844398358165,0.44481079529011397,45.102845632438566,"[1, 0, 0]"
2011-03-17,53.240002,53.610001,52.799999,53.41,37.408875,4043600,0.25317229598311997,-0.15331079944559522,0.4064830954287152,49.80622163312827,"[1, 0, 0]"
2011-03-18,53.82,54.009998,52.540001,52.77,36.960613,5240500,0.15939008647169572,-0.19767440716561557,0.3570644936373113,45.981905784268285,"[1, 0, 0]"
2011-03-21,53.279999,53.279999,52.43,52.959999,37.093678,4066800,0.09925420054141654,-0.2062482344767158,0.30550243501813235,47.27619963552648,"[1, 0, 0]"
2011-03-22,53.080002,53.290001,52.740002,52.950001,37.086678,3216100,0.050210526943153866,-0.20423352645998277,0.25444405340313664,47.21209441514413,"[1, 0, 0]"
2011-03-23,52.75,52.900002,52.400002,52.43,36.722466,4079600,-0.03026776464458436,-0.2277694544381768,0.19750168979359245,43.87945879538701,"[1, 0, 0]"
2011-03-24,52.490002,53.009998,52.220001,52.93,37.072674,5146900,-0.05308958552222265,-0.20047302025265207,0.14738343473042942,47.70214746981484,"[1, 0, 0]"
2011-03-25,52.900002,53.650002,52.669998,53.5,37.471905,3277600,-0.024894834522960707,-0.13782261540271212,0.1129277808797514,51.738056948324115,"[1, 0, 0]"
2011-03-28,53.419998,53.709999,52.77,52.799999,36.981613,2282500,-0.05836176368853074,-0.13703163565462573,0.07866987196609498,46.94657393596656,"[1, 0, 0]"
2011-03-29,52.709999,53.060001,52.610001,53.040001,37.149712,3613600,-0.06477174222350612,-0.11475329135168089,0.04998154912817476,48.700744364286074,"[1, 0, 0]"
2011-03-30,52.77,53.330002,52.560001,53.09,37.184731,5555400,-0.06506714144921233,-0.09203895246190967,0.026971811012697345,49.0784824968929,"[1, 0, 0]"
2011-03-31,52.98,53.049999,52.360001,53.040001,37.149712,4452900,-0.06854559792007109,-0.07641392714621476,0.00786832922614366,48.69235985246756,"[1, 0, 0]"
2011-04-01,53.150002,54.169998,53.139999,54.040001,37.850124,3615300,0.009282341858259713,0.0011312101056928422,0.00815113175256687,56.126925205968384,"[1, 0, 0]"
2011-04-04,54.040001,54.23,53.34,53.560001,37.513931,3357400,0.03186226798819547,0.018968908988502876,0.012893358999692591,52.21580267092262,"[1, 0, 0]"
2011-04-05,53.41,54.720001,53.200001,54.549999,38.207329,3866600,0.12816418996477097,0.0922166647720627,0.035947525192708274,58.62043056147809,"[1, 0, 0]"
2011-04-06,54.700001,54.75,53.860001,54.279999,38.018219,5283700,0.18061539162773244,0.11573429314801933,0.0648810984797131,56.40016898788225,"[1, 0, 0]"
2011-04-07,54.5,55.41,54.32,54.759998,38.35442,4624800,0.2579418614020952,0.15444861033790566,0.10349325106418952,59.34797293779971,"[1, 0, 0]"
2011-04-08,54.919998,54.93,53.889999,54.200001,37.962189,1876200,0.2709136441438176,0.13393631446370244,0.13697732968011514,54.701306073370326,"[1, 0, 0]"
2011-04-11,54.049999,54.720001,54.049999,54.200001,37.962189,2831600,0.2779893868144683,0.1128096457074825,0.16517974110698577,54.701306073370326,"[1, 0, 0]"
2011-04-12,54.07,54.830002,54.0,54.34,38.060253,4621400,0.29153310102292807,0.10108268793275382,0.19045041309017424,55.7068041951422,"[1, 0, 0]"
2011-04-13,54.369999,54.470001,53.799999,54.060001,37.86414,2741200,0.2764858560178922,0.06882835434217438,0.20765750167571784,53.16502491510316,"[1, 0, 0]"
2011-04-14,53.990002,54.200001,53.43,53.900002,37.75206,3259200,0.24878241499096276,0.03289993065219593,0.21588248433876683,51.71299763686804,"[1, 0, 0]"
2011-04-15,54.009998,54.049999,53.18,53.27,37.31081,4617000,0.17398574279047807,-0.03351739323863104,0.2075031360291091,46.34556859814545,"[1, 0, 0]"
2011-04-18,52.799999,53.099998,52.34,52.560001,36.813526,5402200,0.05676352106313942,-0.12059169197277575,0.17735521303591517,41.160571828344544,"[1, 0, 0]"
2011-04-19,52.599998,52.740002,52.049999,52.259998,36.60339,3746300,-0.05965599192623472,-0.1896089639697199,0.1299529720434852,39.16664511274683,"[1, 0, 0]"
2011-04-20,52.66,52.990002,52.369999,52.470001,36.750496,3727200,-0.13343564464524604,-0.210710893350985,0.07727524870573896,41.30991620737048,"[1, 0, 0]"
2011-04-21,52.540001,52.59,51.939999,52.029999,36.442307,7275900,-0.22481945638070755,-0.2416757640691572,0.01685630768844966,38.26775542365687,"[1, 0, 0]"
2011-04-25,52.0,52.32,51.849998,52.119999,36.505344,2562400,-0.28667492761070434,-0.2428249882393232,-0.04384993937138114,39.253181229606966,"[1, 0, 0]"
2011-04-26,52.110001,53.150002,52.009998,53.130001,37.212749,3300000,-0.2513002805389277,-0.16596027293403726,-0.08534000760489047,49.07718791332006,"[1, 0, 0]"
2011-04-27,53.16,53.560001,53.02,53.349998,37.366844,3645800,-0.20317166211472681,-0.09426532360786907,-0.10890633850685774,50.93835937629686,"[1, 0, 0]"
2011-04-28,53.16,53.330002,52.740002,53.09,37.184731,3834600,-0.1838892897069968,-0.05998636096011123,-0.12390292874688558,48.674181235084205,"[1, 0, 0]"
2011-04-29,53.049999,53.18,52.52,52.709999,36.918583,3665700,-0.19699988352193998,-0.058477563820043515,-0.13852231970189646,45.491485140949315,"[1, 0, 0]"
2011-05-02,53.41,53.52,52.73,52.77,36.960613,3373300,-0.20024029880691074,-0.04937438328401142,-0.15086591552289932,46.09088570236593,"[1, 0, 0]"
2011-05-03,52.75,53.209999,52.57,53.130001,37.212749,2466500,-0.17177911649390865,-0.016730560776807457,-0.1550485557171012,49.66718546684118,"[1, 0, 0]"
2011-05-04,53.18,53.509998,52.52,53.349998,37.366844,4200300,-0.12997325437979868,0.020060241069842027,-0.1500334954496407,51.772719313043616,"[1, 0, 0]"
2011-05-05,51.84,53.639999,51.52,52.790001,36.974613,9592300,-0.14041032247411067,0.00769853838042403,-0.1481088608545347,46.446515577745565,"[1, 0, 0]"
2011-05-06,53.139999,53.200001,51.990002,52.220001,36.575382,4919500,-0.19245748041154798,-0.0354788956456106,-0.15697858476593737,41.73957554523955,"[1, 0, 0]"
2011-05-09,52.25,52.380001,51.73,52.290001,36.624409,2015500,-0.22545787503019454,-0.05478343221140572,-0.17067444281878882,42.51009741013904,"[1, 0, 0]"
2011-05-10,52.389999,53.110001,52.130001,52.93,37.072674,2940000,-0.19768951326383188,-0.021612056356034443,-0.17607745690779744,49.133877350743674,"[1, 0, 0]"
2011-05-11,53.25,53.650002,52.650002,53.610001,37.548946,6313000,-0.11943570830997885,0.04531339887825486,-0.1647491071882337,55.05869443368859,"[1, 0, 0]"
2011-05-12,54.0,55.900002,53.650002,55.68,38.998795,9691500,0.10836346888532233,0.21849006085884484,-0.11012659197352251,67.47741050402627,"[1, 0, 0]"
2011-05-13,55.549999,56.27,54.889999,55.169998,38.641582,5710700,0.24491977615929983,0.28403709450625786,-0.039117318346958044,62.867983214814146,"[1, 0, 0]"
2011-05-16,55.099998,55.490002,54.93,55.349998,38.767654,3431700,0.3634762017880959,0.32207481610804317,0.041401385680052756,63.80768538234584,"[1, 0, 0]"
2011-05-17,55.099998,56.200001,55.060001,55.650002,38.977791,3531400,0.4761520543258868,0.34780053491666724,0.12835151940921957,65.38023732838798,"[1, 0, 0]"
2011-05-18,56.009998,56.560001,55.75,56.490002,39.566132,3858800,0.6260131689429542,0.3981293196269877,0.2278838493159665,69.39057333059692,"[1, 0, 0]"
2011-05-19,56.59,56.75,56.27,56.57,39.622169,2699700,0.7426732767603852,0.41183154195553495,0.33084173480485024,69.74996424513836,"[0, 0, 1]"
2011-05-20,56.360001,56.400002,54.400002,54.66,38.28437,6538700,0.6732454606428675,0.27392298067041376,0.39932247997245374,53.575867635924794,"[1, 0, 0]"
2011-05-23,54.169998,55.099998,53.490002,54.98,38.508507,2801800,0.6367052006004528,0.18990617650239922,0.44679902409805355,55.44018859506257,"[1, 0, 0]"
2011-05-24,55.0,55.080002,54.209999,54.529999,38.193325,3416400,0.5649233763438559,0.09449948179664186,0.47042389454721406,52.261783165969355,"[1, 0, 0]"
2011-05-25,54.290001,54.419998,53.669998,54.209999,37.969196,3293300,0.47671911658333954,0.005036177628900351,0.4716829389544392,50.06377466005283,"[1, 0, 0]"
2011-05-26,54.049999,54.43,53.98,54.209999,37.969196,3135100,0.4021805185762872,-0.05560193630252158,0.4577824548788088,50.06377466005283,"[1, 0, 0]"
2011-05-27,54.290001,54.720001,53.529999,53.619999,37.555954,3469800,0.29213255126505544,-0.13251992289100273,0.42465247415605817,45.932914023335385,"[1, 0, 0]"
2011-05-31,53.830002,53.959999,53.099998,53.240002,37.289795,5014300,0.17227033697545835,-0.20190570974447986,0.3741760467199382,43.44643966540932,"[1, 0, 0]"
2011-06-01,53.029999,53.200001,52.560001,52.919998,37.065662,4272300,0.05087061538701931,-0.2586443450663351,0.3095149604533544,41.41333331556192,"[1, 0, 0]"
2011-06-02,52.23,52.41,50.889999,51.389999,35.994041,6974100,-0.16687405099009567,-0.38111120915476004,0.2142371581646644,33.37229097570357,"[1, 0, 0]"
2011-06-03,50.799999,51.73,50.529999,50.669998,35.489754,4811000,-0.39300600269877606,-0.48579452869075235,0.09278852599197632,30.382616090929027,"[1, 0, 0]"
2011-06-06,50.349998,51.099998,50.23,50.490002,35.539005,3658200,-0.5800548651178374,-0.538274712887851,-0.04178015222998645,29.667087017499806,"[1, 0, 0]"
2011-06-07,50.66,51.470001,50.619999,50.919998,35.841682,4283500,-0.6856911320830008,-0.5151287838824115,-0.17056234820058933,33.68499660536563,"[1, 0, 0]"
2011-06-08,50.900002,51.02,50.290001,50.860001,35.799454,4463700,-0.7654265306217098,-0.4758913459368964,-0.28953518468481343,33.398304471334185,"[1, 0, 0]"
2011-06-09,50.869999,51.450001,50.630001,50.689999,35.679798,4230900,-0.8327358881022207,-0.43456056273392574,-0.3981753253682949,32.55287421093017,"[1, 0, 0]"
2011-06-10,50.5,50.799999,49.66,49.759998,35.025181,4223500,-0.9501693859789455,-0.4415952484885204,-0.5085741374904251,28.328257619328223,"[1, 0, 0]"
2011-06-13,49.799999,50.119999,49.310001,49.799999,35.053337,3354800,-1.0281565836204933,-0.4156659569040546,-0.6124906267164387,28.75652517061676,"[0, 1, 0]"
2011-06-14,50.209999,50.790001,49.830002,50.23,35.356007,5188000,-1.0432387061758845,-0.34459846356755663,-0.6986402426083279,33.36594981751239,"[1, 0, 0]"
2011-06-15,49.900002,50.18,49.619999,49.77,35.032223,3705600,-1.0798615804722687,-0.3049770702911525,-0.7748845101811161,31.0514529271086,"[1, 0, 0]"
2011-06-16,49.860001,50.450001,49.57,49.98,35.180031,3545400,-1.0794964639754454,-0.2436895630354633,-0.8358069009399821,33.32529530706421,"[1, 0, 0]"
2011-06-17,50.290001,50.959999,49.82,50.130001,35.28561,5490000,-1.0549425582987269,-0.17530852588699575,-0.8796340324117311,34.97488490847558,"[1, 0, 0]"
2011-06-20,50.029999,51.23,49.91,51.060001,35.940239,2975800,-0.949494996206738,-0.055888771036005425,-0.8936062251707326,44.193634641011684,"[1, 0, 0]"
2011-06-21,51.139999,51.32,50.810001,51.16,36.010616,3577200,-0.8480818008787381,0.03641953943359577,-0.8845013403123339,45.09499861119654,"[1, 0, 0]"
2011-06-22,51.099998,51.549999,50.82,50.82,35.771301,3626000,-0.7860847754692912,0.07873325187443414,-0.8648180273437254,42.576978262792124,"[1, 0, 0]"
2011-06-23,50.389999,51.490002,50.34,50.900002,35.827602,4850900,-0.7221714504280641,0.1141172615325291,-0.8362887119605932,43.37814254672599,"[1, 0, 0]"
2011-06-24,50.799999,50.889999,49.09,49.450001,34.806988,6646700,-0.7795366293794856,0.04540166606488616,-0.8249382954443718,34.09359950543961,"[1, 0, 0]"
2011-06-27,49.560001,50.43,49.450001,50.220001,35.34898,2917500,-0.7541727481661553,0.05661243782257319,-0.8107851859887285,41.28105152919966,"[1, 0, 0]"
2011-06-28,50.34,50.889999,50.169998,50.720001,35.70092,2805400,-0.6858201603418479,0.09997202051750453,-0.7857921808593524,45.44179910529963,"[1, 0, 0]"
2011-06-29,50.939999,51.450001,50.400002,50.43,35.496784,3311500,-0.6475859315867183,0.11056499941810738,-0.7581509310048257,43.5158077943371,"[1, 0, 0]"
2011-06-30,50.540001,50.900002,49.830002,50.009998,35.201157,5577200,-0.6437548756493783,0.09151684428435791,-0.7352717199337362,40.817556727300165,"[1, 0, 0]"
2011-07-01,50.150002,51.900002,49.990002,51.790001,36.454071,3688200,-0.491422556887656,0.1950793304368642,-0.6865018873245202,53.87189776898693,"[1, 0, 0]"
2011-07-05,51.720001,51.810001,51.25,51.52,36.264019,2909600,-0.3880121583491203,0.23879178318032002,-0.6268039415294403,51.99828263428018,"[1, 0, 0]"
2011-07-06,51.540001,52.150002,51.189999,52.09,36.665215,4228000,-0.257100738886173,0.2957625621146138,-0.5528633010007868,55.515663484589844,"[1, 0, 0]"
2011-07-07,54.599998,56.139999,54.330002,55.779999,39.262554,9132600,0.14275400558064888,0.5564938452651487,-0.41373983968449973,70.55686995090011,"[0, 0, 1]"
2011-07-08,54.639999,55.549999,54.639999,55.18,38.840225,4251200,0.4065405204127046,0.6562242880777636,-0.2496837676650589,66.61282060256423,"[1, 0, 0]"
2011-07-11,54.68,55.200001,54.25,55.119999,38.797981,3837800,0.6037915218291303,0.6827802315953514,-0.07898870976622105,66.21421179284046,"[1, 0, 0]"
2011-07-12,54.91,56.380001,54.799999,55.880001,39.332939,5388200,0.8120790298126153,0.7128541916630691,0.09922483814954622,68.76389852706833,"[1, 0, 0]"
2011-07-13,56.150002,56.279999,55.619999,55.779999,39.262554,3395600,0.9580354189186195,0.6870484646152586,0.2709869543033609,68.0363326888071,"[1, 0, 0]"
2011-07-14,55.830002,56.200001,55.5,55.970001,39.396301,2729000,1.0766277873758128,0.6445126664579615,0.4321151209178513,68.71366328443763,"[1, 0, 0]"
2011-07-15,56.080002,56.080002,55.330002,55.75,39.241444,2631900,1.1397228363109235,0.5660861723144577,0.5736366639964658,66.94472921363166,"[1, 0, 0]"
2011-07-18,55.689999,55.849998,54.75,55.110001,38.790958,3224000,1.1251139334958609,0.44118181559951597,0.6839321178963449,61.94853929467074,"[1, 0, 0]"
2011-07-19,55.43,56.77,55.32,56.580002,39.825649,2644700,1.2181114377462166,0.4273434558798973,0.7907679818663192,67.87837977868688,"[1, 0, 0]"
2011-07-20,56.630001,56.630001,55.860001,56.279999,39.614494,2143400,1.2531592551760298,0.3699130186477684,0.8832462365282614,65.63051520876805,"[1, 0, 0]"
2011-07-21,56.580002,57.389999,56.459999,56.900002,40.0509,2935300,1.3157962830178889,0.34604003719170184,0.969756245826187,67.98979782924094,"[1, 0, 0]"
2011-07-22,57.07,57.099998,56.34,57.0,40.121284,1849300,1.3578530964778395,0.31047748052132196,1.0473756159565175,68.36696167940772,"[0, 0, 1]"
2011-07-25,56.119999,56.43,55.799999,55.939999,39.375175,2168900,1.2907709976618094,0.19471630536423334,1.096054692297576,60.26144293973828,"[1, 0, 0]"
2011-07-26,56.080002,56.450001,55.66,56.110001,39.494823,2366300,1.2370655698411284,0.11280870203484183,1.1242568678062865,61.05884220898388,"[1, 0, 0]"
2011-07-27,55.77,56.130001,54.889999,55.0,38.713531,2155700,1.092343966051807,-0.025530321403583578,1.1178742874553906,53.508897587187285,"[1, 0, 0]"
2011-07-28,55.07,56.009998,55.040001,55.169998,38.833179,2303200,0.9800708238687079,-0.11024277086934631,1.0903135947380542,54.438082856974496,"[1, 0, 0]"
2011-07-29,54.709999,55.450001,54.209999,54.709999,38.509407,3007600,0.8442435606327408,-0.19685602728425078,1.0410995879169915,51.44203744332789,"[1, 0, 0]"
2011-08-01,55.209999,55.209999,53.950001,54.529999,38.38271,2966500,0.7138462055546029,-0.26180270588991095,0.9756489114445138,50.2760155034862,"[1, 0, 0]"
2011-08-02,54.099998,54.259998,52.48,52.48,36.939735,3618200,0.44001535236741063,-0.42850684726168253,0.8685221996290932,39.33941623019033,"[1, 0, 0]"
2011-08-03,52.5,52.57,51.119999,51.790001,36.454071,6141900,0.1654184348860781,-0.5624830117944121,0.7279014466804902,36.46421766066107,"[1, 0, 0]"
2011-08-04,49.549999,50.040001,47.529999,47.669998,33.554077,10862600,-0.38026791852391995,-0.8865354921635281,0.5062675736396082,24.806031647802808,"[1, 0, 0]"
2011-08-05,48.290001,48.360001,46.369999,47.299999,33.29364,8544700,-0.8329820140044149,-1.0713996701152184,0.2384176561108036,24.062013136177598,"[1, 0, 0]"
2011-08-08,46.389999,46.73,42.98,43.220001,30.421797,8079900,-1.503649798053189,-1.3936539633311942,-0.10999583472199498,17.74248150239202,"[0, 1, 0]"
2011-08-09,43.84,46.59,43.220001,46.560001,32.772766,8097500,-1.7455274089398003,-1.3084252593742443,-0.43710214956555604,33.20754013091365,"[1, 0, 0]"
2011-08-10,45.66,45.810001,44.25,44.290001,31.174946,6506200,-2.096223230472731,-1.3272968647257397,-0.7689263657469911,29.190699975286538,"[1, 0, 0]"
2011-08-11,46.400002,48.419998,46.310001,47.5,33.434418,8613600,-2.0910280338905807,-1.0576813345148715,-1.0333466993757092,40.20541837668751,"[0, 0, 1]"
2011-08-12,47.77,48.73,47.110001,47.540001,33.462566,6356000,-2.0599373809115065,-0.8212725452286378,-1.2386648356828687,40.329981618896426,"[1, 0, 0]"
2011-08-15,47.889999,47.91,46.950001,47.529999,33.455521,3444300,-2.0129014176838993,-0.6193892656008244,-1.3935121520830749,40.307370959410946,"[1, 0, 0]"
2011-08-16,47.07,47.98,46.799999,47.529999,33.455521,3932800,-1.953110832047635,-0.447678943971648,-1.505431888075987,40.30737095941094,"[1, 0, 0]"
2011-08-17,47.830002,48.450001,46.330002,46.880001,32.997993,4228600,-1.935860375129792,-0.344342789643044,-1.591517585486748,38.673227571131726,"[1, 0, 0]"
2011-08-18,45.5,45.77,44.360001,45.43,31.977371,6596600,-2.0159535684262906,-0.339548786351634,-1.6764047820746566,35.240864597305844,"[1, 0, 0]"
2011-08-19,44.689999,45.740002,44.459999,45.119999,31.759165,3833500,-2.0804602404571497,-0.3232443667059943,-1.7572158737511554,34.53515873900664,"[1, 0, 0]"
2011-08-22,45.869999,46.07,45.209999,45.450001,31.991447,2395100,-2.0809657613878016,-0.2589999101093168,-1.8219658512784849,36.00430848593961,"[1, 0, 0]"
2011-08-23,45.639999,47.139999,45.220001,47.060001,33.124691,4009000,-1.9292140668304825,-0.08579857244159794,-1.8434154943888845,42.75418288687187,"[1, 0, 0]"
2011-08-24,46.84,48.0,46.700001,47.5,33.434418,2985200,-1.7532353082248235,0.07214414893124887,-1.8253794571560724,44.47772810099959,"[1, 0, 0]"
2011-08-25,47.77,48.0,46.23,46.41,32.667183,3094200,-1.6823318898503032,0.11443805384461547,-1.7967699436949187,41.17077908557369,"[1, 0, 0]"
2011-08-26,46.119999,47.34,45.549999,46.900002,33.012077,3258100,-1.568520426567133,0.18259961370222877,-1.7511200402693619,43.21475805164061,"[1, 0, 0]"
2011-08-29,47.52,47.709999,47.040001,47.669998,33.554077,3727000,-1.4000528422106058,0.280853758447005,-1.6809066006576108,46.36817365028669,"[1, 0, 0]"
2011-08-30,47.119999,47.150002,46.209999,46.630001,32.822021,9393600,-1.3350702750684746,0.2766690604713091,-1.6117393355397838,42.902729124082775,"[1, 0, 0]"
2011-08-31,46.93,47.330002,46.040001,46.34,32.617912,7523000,-1.2920775142013525,0.2557294570707451,-1.5478069712720977,41.96097692281227,"[1, 0, 0]"
2011-09-01,45.990002,46.639999,45.0,45.389999,31.949221,7009600,-1.3194527526763835,0.18268337487657127,-1.5021361275529548,38.94509881275318,"[1, 0, 0]"
2011-09-02,44.279999,44.549999,43.77,43.93,31.09281,4510400,-1.4423312471776057,0.047843904300279405,-1.4901751514778852,34.804895165975175,"[1, 0, 0]"
2011-09-06,42.82,43.630001,42.639999,43.580002,30.845085,3316600,-1.5500868169756927,-0.04792933239824593,-1.5021574845774468,33.875183589330334,"[1, 0, 0]"
2011-09-07,44.130001,45.119999,43.740002,44.970001,31.828896,3763200,-1.5059627783049478,-0.003044234982000793,-1.502918543322947,40.65510812862061,"[1, 0, 0]"
2011-09-08,44.619999,44.84,43.610001,43.869999,31.050333,4501400,-1.541980140847187,-0.031249278019391813,-1.5107308628277951,37.388049969467346,"[1, 0, 0]"
2011-09-09,43.369999,43.610001,42.25,42.599998,30.151463,4680300,-1.6539370700087943,-0.11456496574479935,-1.539372104263995,33.99171800882441,"[1, 0, 0]"
2011-09-12,42.200001,44.049999,42.139999,43.98,31.128193,5167300,-1.6127186974715002,-0.05867727456600402,-1.5540414229054962,40.33425120716379,"[1, 0, 0]"
2011-09-13,43.939999,44.669998,43.459999,43.939999,31.099874,5228200,-1.5652375030622636,-0.008956864125413855,-1.5562806389368498,40.21363284024151,"[1, 0, 0]"
2011-09-14,43.959999,45.82,43.779999,45.02,31.864288,5182700,-1.4240457467238343,0.10578791377041252,-1.5298336604942468,44.99629173684111,"[1, 0, 0]"
2011-09-15,45.560001,47.240002,45.450001,46.970001,33.244453,6882300,-1.141641347920519,0.3105538500589824,-1.4521951979795014,52.40029887073226,"[1, 0, 0]"
2011-09-16,47.130001,48.25,47.130001,47.5,33.619587,6037900,-0.8650950599929033,0.4696801103892785,-1.3347751703821817,54.20465033925368,"[1, 0, 0]"
2011-09-19,46.75,47.5,46.529999,47.32,33.49218,4139700,-0.6529280815881506,0.5454776710352249,-1.1984057526233756,53.46341562409691,"[1, 0, 0]"
2011-09-20,47.549999,47.740002,46.540001,46.849998,33.159515,4134600,-0.5167526531332882,0.5453224795920699,-1.0620751327253581,51.48370865475049,"[1, 0, 0]"
2011-09-21,46.77,47.049999,45.02,45.029999,31.871365,5331500,-0.5493586889235402,0.41017315504145435,-0.9595318439649946,44.597078675574345,"[1, 0, 0]"
2011-09-22,43.720001,45.43,43.68,44.630001,31.588257,5353900,-0.6005529028455499,0.28718315289555585,-0.8877360557411057,43.228473498358866,"[1, 0, 0]"
2011-09-23,44.200001,46.34,44.200001,46.18,32.68531,7085300,-0.5101717781081447,0.3020514221063688,-0.8122232002145136,49.673527223309506,"[1, 0, 0]"
2011-09-26,46.509998,48.130001,46.459999,47.939999,33.931004,5568900,-0.29314765156906475,0.415260438916359,-0.7084080904854237,55.80834816943559,"[1, 0, 0]"
2011-09-27,48.68,49.0,47.459999,47.669998,33.73991,6035900,-0.14131233132825116,0.4536766073257381,-0.5949889386539893,54.70659895483653,"[1, 0, 0]"
2011-09-28,47.939999,48.959999,47.470001,47.73,33.782364,6502000,-0.01595615357458513,0.4632262280635233,-0.47918238163810845,54.91958762341592,"[1, 0, 0]"
2011-09-29,48.779999,49.490002,48.060001,49.080002,34.737873,6749700,0.1901316797489372,0.5354512491096366,-0.34531956936069935,59.5306515862395,"[1, 0, 0]"
2011-09-30,48.330002,50.84,48.029999,49.099998,34.752026,9678900,0.35102488614487726,0.5570755644044614,-0.20605067825958406,59.59657275096167,"[1, 0, 0]"
2011-10-03,49.119999,50.23,47.720001,47.740002,33.789452,6463600,0.36459082407736076,0.45651320186955585,-0.0919223777921951,53.24401471776462,"[1, 0, 0]"
2011-10-04,47.200001,49.810001,47.040001,49.740002,35.205013,6100000,0.5306086862856887,0.498024851262307,0.03258383502338166,59.997015470936624,"[1, 0, 0]"
2011-10-05,49.540001,50.299999,48.759998,49.509998,35.042217,6150100,0.6362849408787028,0.4829608846842569,0.15332405619444592,58.942678277459855,"[1, 0, 0]"
2011-10-06,50.610001,50.970001,49.490002,50.080002,35.445663,6472200,0.7572990213617956,0.48317997213387975,0.27411904922791586,60.7820195000522,"[1, 0, 0]"
2011-10-07,50.07,51.369999,50.040001,50.169998,35.50935,5159700,0.850659602693419,0.4612324427724025,0.3894271599210165,61.078496687261136,"[1, 0, 0]"
2011-10-10,50.919998,52.119999,50.900002,51.740002,36.620567,4060400,1.0393537151020311,0.5199412441448117,0.5194124709572194,65.91890336460975,"[1, 0, 0]"
2011-10-11,51.66,51.66,49.709999,50.080002,35.445663,6524100,1.0429248434551965,0.41880989799838164,0.6241149454568149,57.74221085700196,"[1, 0, 0]"
2011-10-12,50.23,51.02,49.91,50.220001,35.544754,5617800,1.0450055640344047,0.3367124948620719,0.7082930691723328,58.21298282258389,"[1, 0, 0]"
2011-10-13,49.93,50.630001,49.48,49.689999,35.169617,4620600,0.9924475010803988,0.22732354552645273,0.7651239555539461,55.683857261973195,"[1, 0, 0]"
2011-10-14,50.27,50.650002,49.849998,50.450001,35.707542,2722600,1.0005865286682152,0.1883700584914152,0.8122164701768,58.470186478823415,"[1, 0, 0]"
2011-10-17,50.110001,50.790001,49.860001,49.970001,35.367805,2961100,0.9572699659103208,0.1160427965868166,0.8412271693235042,56.072292514499985,"[1, 0, 0]"
2011-10-18,50.009998,52.880001,49.630001,52.200001,36.946156,5257500,1.0903151664172697,0.1992703976750123,0.8910447687422574,63.551041084542845,"[1, 0, 0]"
2011-10-19,52.0,52.68,51.880001,52.029999,36.825832,3908100,1.1685662019549952,0.22201714657019023,0.9465490553848049,62.67501171016347,"[1, 0, 0]"
2011-10-20,51.18,53.73,51.18,52.93,37.462833,6860500,1.2883519511431842,0.2734423166067035,1.0149096345364808,65.3946601203536,"[1, 0, 0]"
2011-10-21,53.419998,54.68,53.419998,54.189999,38.354626,4326100,1.468031852061074,0.3624977740196744,1.1055340780413996,68.81998162804875,"[1, 0, 0]"
2011-10-24,54.189999,55.450001,53.900002,54.369999,38.48204,4587000,1.606435969850743,0.40072151344747464,1.2057144564032685,69.2876714890648,"[0, 0, 1]"
2011-10-25,53.75,54.099998,52.779999,52.880001,37.427441,3097100,1.5777050425366568,0.29759246890671065,1.2801125736299461,61.115610380109395,"[1, 0, 0]"
2011-10-26,53.639999,53.77,51.709999,52.32,37.03109,4422400,1.4925430676605345,0.16994439522447058,1.3225986724360639,58.331009646982984,"[1, 0, 0]"
2011-10-27,53.709999,54.860001,52.790001,54.700001,38.715603,4619300,1.5986693144936552,0.22085651364607317,1.377812800847582,65.52113909571163,"[1, 0, 0]"
2011-10-28,54.029999,54.740002,52.279999,53.07,37.56192,4669000,1.5335696353515829,0.12460546760320068,1.4089641677483822,58.1238359785066,"[1, 0, 0]"
2011-10-31,52.599998,53.5,52.43,53.009998,37.519455,2932400,1.4603025518602024,0.041070707289456276,1.4192318445707461,57.86485409949533,"[1, 0, 0]"
2011-11-01,51.630001,53.75,51.43,53.18,37.639778,5499400,1.3998193548015934,-0.01552999181532222,1.4153493466169156,58.430009679326915,"[1, 0, 0]"
2011-11-02,53.84,54.560001,53.330002,54.5,38.574059,4011700,1.4417790225784515,0.021143740769228536,1.420635281809223,62.622207347781654,"[1, 0, 0]"
2011-11-03,54.560001,56.389999,53.049999,55.799999,39.49416,6364000,1.5619264999240983,0.11303297449190008,1.4488935254321982,66.23379268915984,"[1, 0, 0]"
2011-11-04,55.25,56.23,55.07,56.080002,39.692337,2804300,1.6605958283296758,0.1693618423179819,1.4912339860116939,66.97398530881853,"[1, 0, 0]"
2011-11-07,55.689999,56.630001,55.419998,55.849998,39.529541,2078000,1.7006287912875493,0.16751584422068433,1.533112947066865,65.69994012766408,"[1, 0, 0]"
2011-11-08,56.310001,56.360001,54.580002,55.68,39.409218,3297800,1.6990521692028366,0.1327513777087772,1.5663007914940594,64.71997608282317,"[1, 0, 0]"
2011-11-09,54.450001,54.990002,53.77,54.290001,38.425419,3994700,1.567571394986011,0.0010164827935610354,1.56655491219245,57.206423595730186,"[1, 0, 0]"
2011-11-10,55.509998,56.529999,54.939999,55.360001,39.182743,6355600,1.5320514562692722,-0.027602764738542396,1.5596542210078146,60.96335633626815,"[1, 0, 0]"
2011-11-11,55.900002,56.66,55.59,56.52,40.003754,3589400,1.5792987013627808,0.015715584283972905,1.563583117078808,64.59253380766619,"[0, 0, 1]"
2011-11-14,55.740002,56.619999,55.509998,55.77,39.472923,2608000,1.5384890079019868,-0.020075287341457138,1.558564295243444,60.665489731456745,"[1, 0, 0]"
2011-11-15,55.43,56.23,55.200001,55.759998,39.465847,2657100,1.4881850827358107,-0.056303370006106856,1.5444884527419176,60.612565277057016,"[1, 0, 0]"
2011-11-16,55.25,56.25,55.150002,55.59,39.345531,2906100,1.418252707375025,-0.1009885962935142,1.5192413036685393,59.659903213437204,"[1, 0, 0]"
2011-11-17,55.599998,56.189999,54.5,54.970001,38.906693,3784100,1.2978413510966291,-0.1771199620575281,1.4749613131541572,56.19113055764979,"[1, 0, 0]"
2011-11-18,55.450001,55.59,54.869999,55.34,39.168587,2707300,1.2182273443132985,-0.205387175072687,1.4236145193859855,57.76916754908138,"[1, 0, 0]"
2011-11-21,54.639999,54.75,53.25,54.349998,38.46788,3388400,1.062994246755835,-0.2884962181041204,1.3514904648599555,52.33687526948522,"[1, 0, 0]"
2011-11-22,54.419998,54.66,53.73,53.779999,38.064445,2853700,0.8837889737776976,-0.3741611928658064,1.257950166643504,49.45346493859129,"[1, 0, 0]"
2011-11-23,53.119999,53.16,52.130001,52.139999,36.903687,3146200,0.6024881020851112,-0.5243696516467145,1.1268577537318256,42.242367719485266,"[1, 0, 0]"
2011-11-25,51.880001,52.75,51.639999,51.810001,36.670109,2008300,0.34890509318539387,-0.6223621284371454,0.9712672216225393,40.94848588384673,"[1, 0, 0]"
2011-11-28,53.73,53.889999,51.98,52.279999,37.002781,5186300,0.1837455381421904,-0.6300173467842791,0.8137628849264695,43.59825648866535,"[1, 0, 0]"
2011-11-29,52.490002,53.029999,52.16,52.66,37.271721,3412700,0.08256653019504512,-0.5849570837851396,0.6675236139801847,45.71904862380244,"[1, 0, 0]"
2011-11-30,53.830002,53.970001,53.080002,53.799999,38.078594,4252000,0.09329438972141446,-0.45938337940701623,0.5526777691284307,51.59888638701812,"[1, 0, 0]"
2011-12-01,50.599998,51.790001,49.650002,50.369999,35.650917,13270100,-0.17298200967783117,-0.5805278230450095,0.4075458133671783,38.19344636744996,"[1, 0, 0]"
2011-12-02,50.330002,51.5,50.27,50.509998,35.75,5080700,-0.36846380396866607,-0.6208076938686755,0.25234388990000944,38.89129196637058,"[1, 0, 0]"
2011-12-05,50.630001,50.990002,50.279999,50.759998,36.105648,4382200,-0.4974770182538606,-0.5998567265230961,0.10237970826923544,40.189961512674344,"[1, 0, 0]"
2011-12-06,50.93,51.040001,50.43,50.73,36.084312,4083700,-0.5952794964744115,-0.5581273637949176,-0.03715213267949395,40.07989401465827,"[1, 0, 0]"
2011-12-07,50.919998,51.189999,50.290001,50.68,36.04874,3989900,-0.6691101617870956,-0.5055664232860813,-0.16354373850101428,39.88382871675059,"[1, 0, 0]"
2011-12-08,50.540001,51.16,50.43,50.560001,35.963394,3360900,-0.7289020829091442,-0.4522866755265039,-0.27661540738264023,39.385854624436554,"[1, 0, 0]"
2011-12-09,50.59,51.23,50.48,50.900002,36.205227,3234400,-0.7403184418177702,-0.37096242754810393,-0.36935601426966624,41.61035750864625,"[1, 0, 0]"
2011-12-12,50.450001,51.459999,50.400002,51.330002,36.511101,4694700,-0.7065242108565215,-0.26973455726948414,-0.43678965358703736,44.3899749141566,"[1, 0, 0]"
2011-12-13,51.330002,51.599998,50.0,50.360001,35.821133,6190900,-0.7493746884697146,-0.2500680279061417,-0.49930666056357287,39.78851781403621,"[1, 0, 0]"
2011-12-14,49.330002,50.360001,49.240002,49.34,35.095596,5938100,-0.8557747186399425,-0.2851744464610957,-0.5706002721788468,35.60850754889189,"[1, 0, 0]"
2011-12-15,49.98,50.310001,48.93,49.029999,34.875095,3837900,-0.9541135716947906,-0.306810639612755,-0.6473029320820356,34.42481639959744,"[1, 0, 0]"
2011-12-16,49.5,49.549999,48.380001,48.82,34.725727,7830000,-1.0370386494819925,-0.3117885739199655,-0.725250075562027,33.60975781307159,"[1, 0, 0]"
2011-12-19,48.77,49.23,48.02,48.139999,34.242043,3472700,-1.1444354295205983,-0.33534828316685694,-0.8090871463537413,31.046420617549767,"[1, 0, 0]"
2011-12-20,48.860001,49.330002,48.599998,49.09,34.917786,3397000,-1.1397526511517455,-0.2645324038384034,-0.8752202473133421,38.14416309521684,"[1, 0, 0]"
2011-12-21,48.970001,49.599998,48.720001,49.43,35.159622,3299100,-1.0959726663767029,-0.17660193525068857,-0.9193707311260143,40.504568390193455,"[1, 0, 0]"
2011-12-22,49.549999,49.900002,49.25,49.299999,35.067158,2412700,-1.0595528416512252,-0.1121456884201687,-0.9474071532310565,39.87796698883638,"[1, 0, 0]"
2011-12-23,49.349998,50.02,49.25,49.970001,35.543732,1587100,-0.9654966616907856,-0.014471606767783252,-0.9510250549230024,44.63198070173463,"[1, 0, 0]"
2011-12-27,49.830002,50.110001,49.650002,49.869999,35.472591,1674800,-0.888780478967476,0.04979566076442121,-0.9385761397318972,44.071829691485,"[1, 0, 0]"
2011-12-28,50.18,50.48,49.849998,50.09,35.629074,1815600,-0.8009967178142574,0.11006353753411191,-0.9110602553483693,45.686801676859055,"[1, 0, 0]"
2011-12-29,50.099998,50.5,49.799999,49.84,35.451252,1555900,-0.7430351189869242,0.13442010908915614,-0.8774552280760803,44.127452848762985,"[1, 0, 0]"
2011-12-30,49.959999,49.990002,49.349998,49.349998,35.102718,1921100,-0.728244451883036,0.11936862095443557,-0.8476130728374716,41.161996849218156,"[1, 0, 0]"
